_from,_to
person/person_42_000000,address/addr_42_000126
person/person_42_000001,address/addr_42_000058
person/person_42_000002,address/addr_42_000182
person/person_42_000003,address/addr_42_000113
person/person_42_000004,address/addr_42_000179
person/person_42_000005,address/addr_42_000029
person/person_42_000006,address/addr_42_000025
person/person_42_000007,address/addr_42_000042
person/person_42_000008,address/addr_42_000035
person/person_42_000009,address/addr_42_000033
person/person_42_000010,address/addr_42_000189
person/person_42_000011,address/addr_42_000154
person/person_42_000012,address/addr_42_000144
person/person_42_000013,address/addr_42_000006
person/person_42_000014,address/addr_42_000112
person/person_42_000015,address/addr_42_000127
person/person_42_000016,address/addr_42_000093
person/person_42_000017,address/addr_42_000178
person/person_42_000018,address/addr_42_000110
person/person_42_000019,address/addr_42_000005
person/person_42_000020,address/addr_42_000181
person/person_42_000021,address/addr_42_000134
person/person_42_000022,address/addr_42_000177
person/person_42_000023,address/addr_42_000094
person/person_42_000024,address/addr_42_000162
person/person_42_000025,address/addr_42_000139
person/person_42_000026,address/addr_42_000027
person/person_42_000027,address/addr_42_000107
person/person_42_000028,address/addr_42_000121
person/person_42_000029,address/addr_42_000008
person/person_42_000030,address/addr_42_000071
person/person_42_000031,address/addr_42_000111
person/person_42_000032,address/addr_42_000142
person/person_42_000033,address/addr_42_000179
person/person_42_000034,address/addr_42_000108
person/person_42_000035,address/addr_42_000017
person/person_42_000036,address/addr_42_000016
person/person_42_000037,address/addr_42_000022
person/person_42_000038,address/addr_42_000067
person/person_42_000039,address/addr_42_000170
person/person_42_000040,address/addr_42_000091
person/person_42_000041,address/addr_42_000121
person/person_42_000042,address/addr_42_000102
person/person_42_000043,address/addr_42_000129
person/person_42_000044,address/addr_42_000062
person/person_42_000045,address/addr_42_000035
person/person_42_000046,address/addr_42_000030
person/person_42_000047,address/addr_42_000006
person/person_42_000048,address/addr_42_000041
person/person_42_000049,address/addr_42_000022
person/person_42_000050,address/addr_42_000146
person/person_42_000051,address/addr_42_000047
person/person_42_000052,address/addr_42_000170
person/person_42_000053,address/addr_42_000050
person/person_42_000054,address/addr_42_000114
person/person_42_000055,address/addr_42_000168
person/person_42_000056,address/addr_42_000139
person/person_42_000057,address/addr_42_000095
person/person_42_000058,address/addr_42_000142
person/person_42_000059,address/addr_42_000067
person/person_42_000060,address/addr_42_000122
person/person_42_000061,address/addr_42_000017
person/person_42_000062,address/addr_42_000168
person/person_42_000063,address/addr_42_000047
person/person_42_000064,address/addr_42_000149
person/person_42_000065,address/addr_42_000105
person/person_42_000066,address/addr_42_000029
person/person_42_000067,address/addr_42_000143
person/person_42_000068,address/addr_42_000010
person/person_42_000069,address/addr_42_000059
person/person_42_000070,address/addr_42_000051
person/person_42_000071,address/addr_42_000037
person/person_42_000072,address/addr_42_000076
person/person_42_000073,address/addr_42_000034
person/person_42_000074,address/addr_42_000191
person/person_42_000075,address/addr_42_000179
person/person_42_000076,address/addr_42_000100
person/person_42_000077,address/addr_42_000002
person/person_42_000078,address/addr_42_000095
person/person_42_000079,address/addr_42_000015
person/person_42_000080,address/addr_42_000130
person/person_42_000081,address/addr_42_000003
person/person_42_000082,address/addr_42_000028
person/person_42_000083,address/addr_42_000134
person/person_42_000084,address/addr_42_000170
person/person_42_000085,address/addr_42_000068
person/person_42_000086,address/addr_42_000149
person/person_42_000087,address/addr_42_000135
person/person_42_000088,address/addr_42_000002
person/person_42_000089,address/addr_42_000077
person/person_42_000090,address/addr_42_000035
person/person_42_000091,address/addr_42_000081
person/person_42_000092,address/addr_42_000062
person/person_42_000093,address/addr_42_000122
person/person_42_000094,address/addr_42_000054
person/person_42_000095,address/addr_42_000048
person/person_42_000096,address/addr_42_000169
person/person_42_000097,address/addr_42_000121
person/person_42_000098,address/addr_42_000122
person/person_42_000099,address/addr_42_000122
person/person_42_000100,address/addr_42_000054
person/person_42_000101,address/addr_42_000025
person/person_42_000102,address/addr_42_000044
person/person_42_000103,address/addr_42_000099
person/person_42_000104,address/addr_42_000141
person/person_42_000105,address/addr_42_000162
person/person_42_000106,address/addr_42_000160
person/person_42_000107,address/addr_42_000138
person/person_42_000108,address/addr_42_000018
person/person_42_000109,address/addr_42_000037
person/person_42_000110,address/addr_42_000170
person/person_42_000111,address/addr_42_000032
person/person_42_000112,address/addr_42_000130
person/person_42_000113,address/addr_42_000037
person/person_42_000114,address/addr_42_000194
person/person_42_000115,address/addr_42_000017
person/person_42_000116,address/addr_42_000122
person/person_42_000117,address/addr_42_000131
person/person_42_000118,address/addr_42_000018
person/person_42_000119,address/addr_42_000144
person/person_42_000120,address/addr_42_000042
person/person_42_000121,address/addr_42_000063
person/person_42_000122,address/addr_42_000160
person/person_42_000123,address/addr_42_000192
person/person_42_000124,address/addr_42_000105
person/person_42_000125,address/addr_42_000160
person/person_42_000126,address/addr_42_000092
person/person_42_000127,address/addr_42_000057
person/person_42_000128,address/addr_42_000067
person/person_42_000129,address/addr_42_000104
person/person_42_000130,address/addr_42_000015
person/person_42_000131,address/addr_42_000192
person/person_42_000132,address/addr_42_000110
person/person_42_000133,address/addr_42_000010
person/person_42_000134,address/addr_42_000082
person/person_42_000135,address/addr_42_000199
person/person_42_000136,address/addr_42_000101
person/person_42_000137,address/addr_42_000007
person/person_42_000138,address/addr_42_000049
person/person_42_000139,address/addr_42_000171
person/person_42_000140,address/addr_42_000185
person/person_42_000141,address/addr_42_000095
person/person_42_000142,address/addr_42_000100
person/person_42_000143,address/addr_42_000115
person/person_42_000144,address/addr_42_000155
person/person_42_000145,address/addr_42_000057
person/person_42_000146,address/addr_42_000191
person/person_42_000147,address/addr_42_000032
person/person_42_000148,address/addr_42_000122
person/person_42_000149,address/addr_42_000157
person/person_42_000150,address/addr_42_000130
person/person_42_000151,address/addr_42_000104
person/person_42_000152,address/addr_42_000165
person/person_42_000153,address/addr_42_000193
person/person_42_000154,address/addr_42_000162
person/person_42_000155,address/addr_42_000040
person/person_42_000156,address/addr_42_000061
person/person_42_000157,address/addr_42_000153
person/person_42_000158,address/addr_42_000133
person/person_42_000159,address/addr_42_000073
person/person_42_000160,address/addr_42_000127
person/person_42_000161,address/addr_42_000197
person/person_42_000162,address/addr_42_000019
person/person_42_000163,address/addr_42_000110
person/person_42_000164,address/addr_42_000153
person/person_42_000165,address/addr_42_000007
person/person_42_000166,address/addr_42_000106
person/person_42_000167,address/addr_42_000016
person/person_42_000168,address/addr_42_000143
person/person_42_000169,address/addr_42_000021
person/person_42_000170,address/addr_42_000180
person/person_42_000171,address/addr_42_000198
person/person_42_000172,address/addr_42_000037
person/person_42_000173,address/addr_42_000197
person/person_42_000174,address/addr_42_000164
person/person_42_000175,address/addr_42_000010
person/person_42_000176,address/addr_42_000094
person/person_42_000177,address/addr_42_000071
person/person_42_000178,address/addr_42_000100
person/person_42_000179,address/addr_42_000071
person/person_42_000180,address/addr_42_000118
person/person_42_000181,address/addr_42_000166
person/person_42_000182,address/addr_42_000087
person/person_42_000183,address/addr_42_000077
person/person_42_000184,address/addr_42_000137
person/person_42_000185,address/addr_42_000154
person/person_42_000186,address/addr_42_000083
person/person_42_000187,address/addr_42_000078
person/person_42_000188,address/addr_42_000120
person/person_42_000189,address/addr_42_000130
person/person_42_000190,address/addr_42_000124
person/person_42_000191,address/addr_42_000098
person/person_42_000192,address/addr_42_000193
person/person_42_000193,address/addr_42_000176
person/person_42_000194,address/addr_42_000150
person/person_42_000195,address/addr_42_000177
person/person_42_000196,address/addr_42_000143
person/person_42_000197,address/addr_42_000174
person/person_42_000198,address/addr_42_000154
person/person_42_000199,address/addr_42_000153
person/person_42_000200,address/addr_42_000169
person/person_42_000201,address/addr_42_000146
person/person_42_000202,address/addr_42_000035
person/person_42_000203,address/addr_42_000120
person/person_42_000204,address/addr_42_000086
person/person_42_000205,address/addr_42_000023
person/person_42_000206,address/addr_42_000177
person/person_42_000207,address/addr_42_000125
person/person_42_000208,address/addr_42_000087
person/person_42_000209,address/addr_42_000136
person/person_42_000210,address/addr_42_000132
person/person_42_000211,address/addr_42_000157
person/person_42_000212,address/addr_42_000161
person/person_42_000213,address/addr_42_000016
person/person_42_000214,address/addr_42_000064
person/person_42_000215,address/addr_42_000161
person/person_42_000216,address/addr_42_000068
person/person_42_000217,address/addr_42_000069
person/person_42_000218,address/addr_42_000073
person/person_42_000219,address/addr_42_000152
person/person_42_000220,address/addr_42_000131
person/person_42_000221,address/addr_42_000058
person/person_42_000222,address/addr_42_000080
person/person_42_000223,address/addr_42_000082
person/person_42_000224,address/addr_42_000061
person/person_42_000225,address/addr_42_000144
person/person_42_000226,address/addr_42_000048
person/person_42_000227,address/addr_42_000089
person/person_42_000228,address/addr_42_000078
person/person_42_000229,address/addr_42_000049
person/person_42_000230,address/addr_42_000085
person/person_42_000231,address/addr_42_000132
person/person_42_000232,address/addr_42_000173
person/person_42_000233,address/addr_42_000105
person/person_42_000234,address/addr_42_000071
person/person_42_000235,address/addr_42_000067
person/person_42_000236,address/addr_42_000153
person/person_42_000237,address/addr_42_000108
person/person_42_000238,address/addr_42_000171
person/person_42_000239,address/addr_42_000168
person/person_42_000240,address/addr_42_000048
person/person_42_000241,address/addr_42_000196
person/person_42_000242,address/addr_42_000156
person/person_42_000243,address/addr_42_000035
person/person_42_000244,address/addr_42_000197
person/person_42_000245,address/addr_42_000176
person/person_42_000246,address/addr_42_000075
person/person_42_000247,address/addr_42_000048
person/person_42_000248,address/addr_42_000175
person/person_42_000249,address/addr_42_000175
person/person_42_000250,address/addr_42_000092
person/person_42_000251,address/addr_42_000182
person/person_42_000252,address/addr_42_000138
person/person_42_000253,address/addr_42_000141
person/person_42_000254,address/addr_42_000082
person/person_42_000255,address/addr_42_000052
person/person_42_000256,address/addr_42_000118
person/person_42_000257,address/addr_42_000148
person/person_42_000258,address/addr_42_000133
person/person_42_000259,address/addr_42_000044
person/person_42_000260,address/addr_42_000030
person/person_42_000261,address/addr_42_000185
person/person_42_000262,address/addr_42_000185
person/person_42_000263,address/addr_42_000074
person/person_42_000264,address/addr_42_000163
person/person_42_000265,address/addr_42_000063
person/person_42_000266,address/addr_42_000052
person/person_42_000267,address/addr_42_000153
person/person_42_000268,address/addr_42_000162
person/person_42_000269,address/addr_42_000086
person/person_42_000270,address/addr_42_000046
person/person_42_000271,address/addr_42_000165
person/person_42_000272,address/addr_42_000127
person/person_42_000273,address/addr_42_000095
person/person_42_000274,address/addr_42_000062
person/person_42_000275,address/addr_42_000100
person/person_42_000276,address/addr_42_000123
person/person_42_000277,address/addr_42_000183
person/person_42_000278,address/addr_42_000069
person/person_42_000279,address/addr_42_000145
person/person_42_000280,address/addr_42_000117
person/person_42_000281,address/addr_42_000137
person/person_42_000282,address/addr_42_000087
person/person_42_000283,address/addr_42_000037
person/person_42_000284,address/addr_42_000065
person/person_42_000285,address/addr_42_000155
person/person_42_000286,address/addr_42_000018
person/person_42_000287,address/addr_42_000064
person/person_42_000288,address/addr_42_000031
person/person_42_000289,address/addr_42_000096
person/person_42_000290,address/addr_42_000140
person/person_42_000291,address/addr_42_000100
person/person_42_000292,address/addr_42_000000
person/person_42_000293,address/addr_42_000017
person/person_42_000294,address/addr_42_000048
person/person_42_000295,address/addr_42_000065
person/person_42_000296,address/addr_42_000126
person/person_42_000297,address/addr_42_000116
person/person_42_000298,address/addr_42_000140
person/person_42_000299,address/addr_42_000149
person/person_42_000300,address/addr_42_000070
person/person_42_000301,address/addr_42_000130
person/person_42_000302,address/addr_42_000145
person/person_42_000303,address/addr_42_000107
person/person_42_000304,address/addr_42_000050
person/person_42_000305,address/addr_42_000068
person/person_42_000306,address/addr_42_000013
person/person_42_000307,address/addr_42_000109
person/person_42_000308,address/addr_42_000160
person/person_42_000309,address/addr_42_000125
person/person_42_000310,address/addr_42_000152
person/person_42_000311,address/addr_42_000027
person/person_42_000312,address/addr_42_000121
person/person_42_000313,address/addr_42_000111
person/person_42_000314,address/addr_42_000099
person/person_42_000315,address/addr_42_000080
person/person_42_000316,address/addr_42_000030
person/person_42_000317,address/addr_42_000035
person/person_42_000318,address/addr_42_000046
person/person_42_000319,address/addr_42_000031
person/person_42_000320,address/addr_42_000092
person/person_42_000321,address/addr_42_000194
person/person_42_000322,address/addr_42_000013
person/person_42_000323,address/addr_42_000010
person/person_42_000324,address/addr_42_000017
person/person_42_000325,address/addr_42_000071
person/person_42_000326,address/addr_42_000027
person/person_42_000327,address/addr_42_000140
person/person_42_000328,address/addr_42_000137
person/person_42_000329,address/addr_42_000068
person/person_42_000330,address/addr_42_000032
person/person_42_000331,address/addr_42_000024
person/person_42_000332,address/addr_42_000190
person/person_42_000333,address/addr_42_000175
person/person_42_000334,address/addr_42_000108
person/person_42_000335,address/addr_42_000052
person/person_42_000336,address/addr_42_000010
person/person_42_000337,address/addr_42_000169
person/person_42_000338,address/addr_42_000145
person/person_42_000339,address/addr_42_000015
person/person_42_000340,address/addr_42_000002
person/person_42_000341,address/addr_42_000028
person/person_42_000342,address/addr_42_000086
person/person_42_000343,address/addr_42_000159
person/person_42_000344,address/addr_42_000184
person/person_42_000345,address/addr_42_000070
person/person_42_000346,address/addr_42_000072
person/person_42_000347,address/addr_42_000110
person/person_42_000348,address/addr_42_000061
person/person_42_000349,address/addr_42_000059
person/person_42_000350,address/addr_42_000056
person/person_42_000351,address/addr_42_000158
person/person_42_000352,address/addr_42_000154
person/person_42_000353,address/addr_42_000146
person/person_42_000354,address/addr_42_000192
person/person_42_000355,address/addr_42_000068
person/person_42_000356,address/addr_42_000141
person/person_42_000357,address/addr_42_000090
person/person_42_000358,address/addr_42_000060
person/person_42_000359,address/addr_42_000038
person/person_42_000360,address/addr_42_000005
person/person_42_000361,address/addr_42_000141
person/person_42_000362,address/addr_42_000149
person/person_42_000363,address/addr_42_000081
person/person_42_000364,address/addr_42_000195
person/person_42_000365,address/addr_42_000056
person/person_42_000366,address/addr_42_000043
person/person_42_000367,address/addr_42_000098
person/person_42_000368,address/addr_42_000052
person/person_42_000369,address/addr_42_000138
person/person_42_000370,address/addr_42_000157
person/person_42_000371,address/addr_42_000004
person/person_42_000372,address/addr_42_000041
person/person_42_000373,address/addr_42_000023
person/person_42_000374,address/addr_42_000146
person/person_42_000375,address/addr_42_000189
person/person_42_000376,address/addr_42_000157
person/person_42_000377,address/addr_42_000069
person/person_42_000378,address/addr_42_000124
person/person_42_000379,address/addr_42_000031
person/person_42_000380,address/addr_42_000024
person/person_42_000381,address/addr_42_000063
person/person_42_000382,address/addr_42_000104
person/person_42_000383,address/addr_42_000056
person/person_42_000384,address/addr_42_000061
person/person_42_000385,address/addr_42_000117
person/person_42_000386,address/addr_42_000156
person/person_42_000387,address/addr_42_000042
person/person_42_000388,address/addr_42_000044
person/person_42_000389,address/addr_42_000056
person/person_42_000390,address/addr_42_000071
person/person_42_000391,address/addr_42_000027
person/person_42_000392,address/addr_42_000000
person/person_42_000393,address/addr_42_000061
person/person_42_000394,address/addr_42_000171
person/person_42_000395,address/addr_42_000078
person/person_42_000396,address/addr_42_000111
person/person_42_000397,address/addr_42_000148
person/person_42_000398,address/addr_42_000153
